PMID,title,journal,date,year,abstract,mesh
30874963,Metformin: Mechanisms in Human Obesity and Weight Loss.,Current obesity reports,2019 Jun,2019.0,"PURPOSE OF REVIEW: Metformin has multiple benefits for health beyond its anti-hyperglycemic properties. The purpose of this manuscript is to review the mechanisms that underlie metformin's effects on obesity. RECENT FINDINGS: Metformin is a first-line therapy for type 2 diabetes. Large cohort studies have shown weight loss benefits associated with metformin therapy. Metabolic consequences were traditionally thought to underlie this effect, including reduction in hepatic gluconeogenesis and reduction in insulin production. Emerging evidence suggests that metformin-associated weight loss is due to modulation of hypothalamic appetite regulatory centers, alteration in the gut microbiome, and reversal of consequences of aging. Metformin is also being explored in the management of obesity's sequelae such as hepatic steatosis, obstructive sleep apnea, and osteoarthritis. Multiple mechanisms underlie the weight loss-inducing and health-promoting effects of metformin. Further exploration of these pathways may be important in identifying new pharmacologic targets for obesity and other aging-associated metabolic diseases.","Aging/drug effects; Animals; Diabetes Mellitus, Type 2/drug therapy; Disease Models, Animal; Gastrointestinal Microbiome/drug effects; Humans; Hypoglycemic Agents/therapeutic use; Insulin/metabolism; Metformin/*therapeutic use; Obesity/*drug therapy; Weight Loss/*drug effects"
35039672,Histone deacetylase 6 inhibition restores leptin sensitivity and reduces obesity.,Nature metabolism,2022 Jan,2022.0,"The adipose tissue-derived hormone leptin can drive decreases in food intake while increasing energy expenditure. In diet-induced obesity, circulating leptin levels rise proportionally to adiposity. Despite this hyperleptinemia, rodents and humans with obesity maintain increased adiposity and are resistant to leptin's actions. Here we show that inhibitors of the cytosolic enzyme histone deacetylase 6 (HDAC6) act as potent leptin sensitizers and anti-obesity agents in diet-induced obese mice. Specifically, HDAC6 inhibitors, such as tubastatin A, reduce food intake, fat mass, hepatic steatosis and improve systemic glucose homeostasis in an HDAC6-dependent manner. Mechanistically, peripheral, but not central, inhibition of HDAC6 confers central leptin sensitivity. Additionally, the anti-obesity effect of tubastatin A is attenuated in animals with a defective central leptin-melanocortin circuitry, including db/db and MC4R knockout mice. Our results suggest the existence of an HDAC6-regulated adipokine that serves as a leptin-sensitizing agent and reveals HDAC6 as a potential target for the treatment of obesity.","Adipose Tissue/drug effects/metabolism; Animals; Body Weight; Diet, High-Fat; Dose-Response Relationship, Drug; Energy Metabolism/drug effects; Enzyme Activation; Gene Expression Regulation/drug effects; Histone Deacetylase 6/*antagonists & inhibitors/genetics/metabolism; Histone Deacetylase Inhibitors/chemistry/*pharmacology; Leptin/*metabolism; Liver/drug effects/metabolism/pathology; Male; Mice; Mice, Obese; Models, Biological; Obesity/drug therapy/etiology/*metabolism; Signal Transduction/drug effects"
39424350,Effect of weight-maintaining ketogenic diet on glycemic control and insulin sensitivity in obese T2D subjects.,BMJ open diabetes research & care,2024 Oct 18,2024.0,"INTRODUCTION: Low carbohydrate ketogenic diets have received renewed interest for the treatment of obesity and type 2 diabetes. These diets promote weight loss, improve glycemic control, and reduce insulin resistance. However, whether the improvements in glycemic control and insulin sensitivity are secondary to the weight loss or result from a direct effect of hyperketonemia is controversial. RESEARCH DESIGN AND METHODS: 29 overweight obese subjects were randomized to one of three dietary interventions for 10 days: (1) Weight-maintaining standard diet; (2) Weight-maintaining ketogenic diet; (3) Weight-maintaining ketogenic diet plus supplementation with the ketone ester of beta-hydroxybutyrate (beta-OH-B), 8 g every 8 hours. At baseline, all subjects had oral glucose tolerance test, 2-step euglycemic insulin clamp (20 mU/m(2).min and 60 mU/m(2).min) with titrated glucose and indirect calorimetry. RESULTS: Body weight, fat content, and per cent body fat (DEXA) remained constant over the 10-day dietary intervention period in all three groups. Plasma beta-OH-B concentration increased twofold, while carbohydrate oxidation decreased, and lipid oxidation increased demonstrating the expected shifts in substrate metabolism with institution of the ketogenic diet. Glucose tolerance either decreased slightly or remained unchanged in the two ketogenic diet groups. Whole body (muscle), liver, and adipose tissue sensitivity to insulin remained unchanged in all 3 groups, as did the plasma lipid profile and blood pressure. CONCLUSION: In the absence of weight loss, a low carbohydrate ketogenic diet has no beneficial effect on glucose tolerance, insulin sensitivity, or other metabolic parameters.","Humans; *Diet, Ketogenic/methods; *Insulin Resistance; Male; *Obesity/diet therapy/metabolism; Female; Adult; *Blood Glucose/analysis; Middle Aged; *Diabetes Mellitus, Type 2/diet therapy/metabolism/blood; *Weight Loss; Glycemic Control/methods; Glucose Tolerance Test; Follow-Up Studies; Insulin/blood; 3-Hydroxybutyric Acid/blood"
36950759,Impact of Intermittent Fasting on the Gut Microbiota: A Systematic Review.,Advanced biology,2023 Aug,2023.0,"Obesity often results in severe negative health consequences and represents a growing issue for global health. Reducing food intake is a crucial factor for weight loss. Intermittent fasting is a relatively new intervention that contributes to weight reduction. Considering the intimate relationship between obesity and inflammatory pathologies with gut microbiota alterations, a systematic review of the literature was herein conducted to elucidate the relationship between time-restricted food intake and gut microbiota diversity in humans. Searches are carried out in three databases (PubMed, MedLine/OVID, and Academic Search Complete) between April 2019 and April 2022. Nine studies (all with longitudinal design) were identified as eligible by presenting data about the impact of intermittent fasting schemes on gut microbiota. At the phylum level, Firmicutes and Bacteroidetes increase throughout follow-ups, while 16 bacteria genera change their abundance in response to intermittent fasting. Finally, some genera associated with clinical predictors such as weight change, abdominal circumference, and metabolic variables were reported. Changes induced by fasting schemes positively impact the diversity and abundance of gut microbiota and the biomarkers described here. However, the changes previously reported have been studied in short periods and some return to their basal state after fasting intervention.",Humans; Animals; *Obesity/microbiology/pathology/therapy; *Gastrointestinal Microbiome; *Intermittent Fasting; Inflammation/microbiology; *Bacteria/classification/isolation & purification
37329216,Adipose Tissue Dysfunction in Polycystic Ovary Syndrome.,The Journal of clinical endocrinology and metabolism,2023 Dec 21,2023.0,"PURPOSE: Polycystic ovary syndrome (PCOS) is a complex genetic trait and the most common endocrine disorder of women, clinically evident in 5% to 15% of reproductive-aged women globally, with associated cardiometabolic dysfunction. Adipose tissue (AT) dysfunction appears to play an important role in the pathophysiology of PCOS even in patients who do not have excess adiposity. METHODS: We undertook a systematic review concerning AT dysfunction in PCOS, and prioritized studies that assessed AT function directly. We also explored therapies that targeted AT dysfunction for the treatment of PCOS. RESULTS: Various mechanisms of AT dysfunction in PCOS were identified including dysregulation in storage capacity, hypoxia, and hyperplasia; impaired adipogenesis; impaired insulin signaling and glucose transport; dysregulated lipolysis and nonesterified free fatty acids (NEFAs) kinetics; adipokine and cytokine dysregulation and subacute inflammation; epigenetic dysregulation; and mitochondrial dysfunction and endoplasmic reticulum and oxidative stress. Decreased glucose transporter-4 expression and content in adipocytes, leading to decreased insulin-mediated glucose transport in AT, was a consistent abnormality despite no alterations in insulin binding or in IRS/PI3K/Akt signaling. Adiponectin secretion in response to cytokines/chemokines is affected in PCOS compared to controls. Interestingly, epigenetic modulation via DNA methylation and microRNA regulation appears to be important mechanisms underlying AT dysfunction in PCOS. CONCLUSION: AT dysfunction, more than AT distribution and excess adiposity, contributes to the metabolic and inflammation abnormalities of PCOS. Nonetheless, many studies provided contradictory, unclear, or limited data, highlighting the urgent need for additional research in this important field.",Humans; Female; Adult; *Polycystic Ovary Syndrome/metabolism; *Insulin Resistance/physiology; Phosphatidylinositol 3-Kinases/metabolism; Adipose Tissue/metabolism; Insulin/metabolism; Cytokines/metabolism; Obesity/complications; Inflammation/metabolism; Glucose/metabolism
37473755,GDF15 increases insulin action in the liver and adipose tissue via a beta-adrenergic receptor-mediated mechanism.,Cell metabolism,2023 Aug 8,2023.0,"Growth differentiation factor 15 (GDF15) induces weight loss and increases insulin action in obese rodents. Whether and how GDF15 improves insulin action without weight loss is unknown. Obese rats were treated with GDF15 and displayed increased insulin tolerance 5 h later. Lean and obese female and male mice were treated with GDF15 on days 1, 3, and 5 without weight loss and displayed increased insulin sensitivity during a euglycemic hyperinsulinemic clamp on day 6 due to enhanced suppression of endogenous glucose production and increased glucose uptake in WAT and BAT. GDF15 also reduced glucagon levels during clamp independently of the GFRAL receptor. The insulin-sensitizing effect of GDF15 was completely abrogated in GFRAL KO mice and also by treatment with the beta-adrenergic antagonist propranolol and in beta1,beta2-adrenergic receptor KO mice. GDF15 activation of the GFRAL receptor increases beta-adrenergic signaling, in turn, improving insulin action in the liver and white and brown adipose tissue.","Mice; Rats; Male; Female; Animals; *Receptors, Adrenergic, beta; Growth Differentiation Factor 15/pharmacology; Obesity; Adipose Tissue; Weight Loss; Insulin; Adipose Tissue, Brown; Liver; *Insulin Resistance"
39983918,The role of leptin and ghrelin in the regulation of appetite in obesity.,Peptides,2025 Apr,2025.0,"Leptin and ghrelin are two key hormones that play opposing roles in the regulation of appetite and energy balance. Ghrelin stimulates appetite and food intake following binding to receptors and the subsequent activation of orexigenic neurons in the arcuate nucleus. Leptin, conversely, has been demonstrated to suppress appetite and reduce food intake. This occurs through the inhibition of ghrelin-activated neurons, while simultaneously activating those that promote satiety and increase energy expenditure. A lack of biological response despite elevated leptin levels, which is known as leptin resistance, is observed in individuals with excess body weight and represents a significant challenge. As the dysregulation of ghrelin and leptin signalling has been linked to the development of obesity and other metabolic disorders, an in-depth understanding of the genetic determinants affecting these two hormones may facilitate a more comprehensive grasp of the intricate interactions that underpin the pathogenesis of obesity.","*Ghrelin/metabolism/genetics; *Leptin/metabolism/genetics; *Obesity/metabolism/physiopathology/genetics; Humans; Animals; *Appetite/physiology; Energy Metabolism; *Appetite Regulation; Signal Transduction; Receptors, Ghrelin/metabolism; Eating"
34798121,AgRP/NPY and POMC neurons in the arcuate nucleus and their potential role in treatment of obesity.,European journal of pharmacology,2022 Jan 15,2022.0,"Obesity is a major health crisis affecting over a third of the global population. This multifactorial disease is regulated via interoceptive neural circuits in the brain, whose alteration results in excessive body weight. Certain central neuronal populations in the brain are recognised as crucial nodes in energy homeostasis; in particular, the hypothalamic arcuate nucleus (ARC) region contains two peptide microcircuits that control energy balance with antagonistic functions: agouti-related peptide/neuropeptide-Y (AgRP/NPY) signals hunger and stimulates food intake; and pro-opiomelanocortin (POMC) signals satiety and reduces food intake. These neuronal peptides levels react to energy status and integrate signals from peripheral ghrelin, leptin, and insulin to regulate feeding and energy expenditure. To manage obesity comprehensively, it is crucial to understand cellular and molecular mechanisms of information processing in ARC neurons, since these regulate energy homeostasis. Importantly, a specific strategy focusing on ARC circuits needs to be devised to assist in treating obese patients and maintaining weight loss with minimal or no side effects. The aim of this review is to elucidate the recent developments in the study of AgRP-, NPY- and POMC-producing neurons, specific to their role in controlling metabolism. The impact of ghrelin, leptin, and insulin signalling via action of these neurons is also surveyed, since they also impact energy balance through this route. Lastly, we present key proteins, targeted genes, compounds, drugs, and therapies that actively work via these neurons and could potentially be used as therapeutic targets for treating obesity conditions.",*Arcuate Nucleus of Hypothalamus/metabolism/cytology; Humans; *Agouti-Related Protein/metabolism; *Pro-Opiomelanocortin/metabolism; Animals; *Obesity/metabolism/therapy; *Neurons/metabolism; *Neuropeptide Y/metabolism; Energy Metabolism/drug effects; Ghrelin/metabolism; Signal Transduction
34749895,Obesity and Sleep.,The Nursing clinics of North America,2021 Dec,2021.0,"Sleep is often misunderstood in its impact on many chronic diseases including obesity. Obesity and restorative sleep are intertwined processes. Poor sleep negatively affects the key hormones of weight and appetite regulation, thereby potentially increasing weight via mechanisms that increase hunger and lower metabolism, thereby making the successful treatment of obesity more difficult. Clinicians should consider a comprehensive sleep history and proper treatment or referral to a sleep specialist in conjunction with obesity treatment. Adequate restorative sleep is integral to a comprehensive obesity treatment program.","Appetite/physiology; Ghrelin; Humans; Leptin/blood; Melatonin/administration & dosage; Obesity/*physiopathology; Sleep/*physiology; Sleep Deprivation/*physiopathology; Stress, Psychological/psychology"
36198293,"Late isocaloric eating increases hunger, decreases energy expenditure, and modifies metabolic pathways in adults with overweight and obesity.",Cell metabolism,2022 Oct 4,2022.0,"Late eating has been linked to obesity risk. It is unclear whether this is caused by changes in hunger and appetite, energy expenditure, or both, and whether molecular pathways in adipose tissues are involved. Therefore, we conducted a randomized, controlled, crossover trial (ClinicalTrials.gov NCT02298790) to determine the effects of late versus early eating while rigorously controlling for nutrient intake, physical activity, sleep, and light exposure. Late eating increased hunger (p &lt; 0.0001) and altered appetite-regulating hormones, increasing waketime and 24-h ghrelin:leptin ratio (p &lt; 0.0001 and p = 0.006, respectively). Furthermore, late eating decreased waketime energy expenditure (p = 0.002) and 24-h core body temperature (p = 0.019). Adipose tissue gene expression analyses showed that late eating altered pathways involved in lipid metabolism, e.g., p38 MAPK signaling, TGF-beta signaling, modulation of receptor tyrosine kinases, and autophagy, in a direction consistent with decreased lipolysis/increased adipogenesis. These findings show converging mechanisms by which late eating may result in positive energy balance and increased obesity risk.",Adult; Appetite; Eating/physiology; Energy Intake; Energy Metabolism/physiology; Ghrelin/metabolism; Humans; *Hunger/physiology; Leptin/metabolism; Metabolic Networks and Pathways; Obesity/metabolism; *Overweight; Transforming Growth Factor beta/metabolism; Tyrosine/metabolism; p38 Mitogen-Activated Protein Kinases/metabolism
32139381,Efficacy and Safety of Liraglutide 3.0 mg in Individuals With Overweight or Obesity and Type 2 Diabetes Treated With Basal Insulin: The SCALE Insulin Randomized Controlled Trial.,Diabetes care,2020 May,2020.0,"OBJECTIVE: Most individuals with type 2 diabetes also have obesity, and treatment with some diabetes medications, including insulin, can cause further weight gain. No approved chronic weight management medications have been prospectively investigated in individuals with overweight or obesity and insulin-treated type 2 diabetes. The primary objective of this study was to assess the effect of liraglutide 3.0 mg versus placebo on weight loss in this population. RESEARCH DESIGN AND METHODS: Satiety and Clinical Adiposity-Liraglutide Evidence (SCALE) Insulin was a 56-week, randomized, double-blind, placebo-controlled, multinational, multicenter trial in individuals with overweight or obesity and type 2 diabetes treated with basal insulin and </=2 oral antidiabetic drugs. RESULTS: Individuals were randomized to liraglutide 3.0 mg (n = 198) or placebo (n = 198), combined with intensive behavioral therapy (IBT). At 56 weeks, mean weight change was -5.8% for liraglutide 3.0 mg versus -1.5% with placebo (estimated treatment difference -4.3% [95% CI -5.5; -3.2]; P < 0.0001). With liraglutide 3.0 mg, 51.8% of individuals achieved >/=5% weight loss versus 24.0% with placebo (odds ratio 3.41 [95% CI 2.19; 5.31]; P < 0.0001). Liraglutide 3.0 mg was associated with significantly greater reductions in mean HbA(1c) and mean daytime glucose values and less need for insulin versus placebo, despite a treat-to-glycemic-target protocol. More hypoglycemic events were observed with placebo than liraglutide 3.0 mg. No new safety or tolerability issues were observed. CONCLUSIONS: In individuals with overweight or obesity and insulin-treated type 2 diabetes, liraglutide 3.0 mg as an adjunct to IBT was superior to placebo regarding weight loss and improved glycemic control despite lower doses of basal insulin and without increases in hypoglycemic events.","Adiposity/drug effects/physiology; Adult; Aged; Behavior Therapy; Blood Glucose/drug effects; Combined Modality Therapy; Diabetes Mellitus, Type 2/blood/complications/*drug therapy/therapy; Double-Blind Method; Drug Therapy, Combination; Female; Glycated Hemoglobin/drug effects/metabolism; Humans; Insulin/*administration & dosage/adverse effects; Liraglutide/*administration & dosage/*adverse effects; Male; Middle Aged; Obesity/blood/complications/*drug therapy/therapy; Overweight/blood/complications/*drug therapy/therapy; Treatment Outcome; Weight Loss/drug effects"
31426593,The Short-Chain Fatty Acid Acetate in Body Weight Control and Insulin Sensitivity.,Nutrients,2019 Aug 18,2019.0,"The interplay of gut microbiota, host metabolism, and metabolic health has gained increased attention. Gut microbiota may play a regulatory role in gastrointestinal health, substrate metabolism, and peripheral tissues including adipose tissue, skeletal muscle, liver, and pancreas via its metabolites short-chain fatty acids (SCFA). Animal and human data demonstrated that, in particular, acetate beneficially affects host energy and substrate metabolism via secretion of the gut hormones like glucagon-like peptide-1 and peptide YY, which, thereby, affects appetite, via a reduction in whole-body lipolysis, systemic pro-inflammatory cytokine levels, and via an increase in energy expenditure and fat oxidation. Thus, potential therapies to increase gut microbial fermentation and acetate production have been under vigorous scientific scrutiny. In this review, the relevance of the colonically and systemically most abundant SCFA acetate and its effects on the previously mentioned tissues will be discussed in relation to body weight control and glucose homeostasis. We discuss in detail the differential effects of oral acetate administration (vinegar intake), colonic acetate infusions, acetogenic fiber, and acetogenic probiotic administrations as approaches to combat obesity and comorbidities. Notably, human data are scarce, which highlights the necessity for further human research to investigate acetate's role in host physiology, metabolic, and cardiovascular health.","Acetic Acid/metabolism/pharmacology/*therapeutic use; Animals; Appetite/drug effects; Blood Glucose/metabolism; Body Weight; Colon/metabolism/microbiology; Cytokines/metabolism; Dietary Fiber/metabolism/pharmacology/therapeutic use; Energy Metabolism/drug effects; Fatty Acids, Volatile/therapeutic use; Gastrointestinal Hormones/metabolism; *Gastrointestinal Microbiome; Humans; Insulin/*metabolism; *Insulin Resistance; Lipid Metabolism/drug effects; Obesity/*drug therapy/metabolism/microbiology; Probiotics/therapeutic use"
29971406,"The Carbohydrate-Insulin Model of Obesity: Beyond ""Calories In, Calories Out"".",JAMA internal medicine,2018 Aug 1,2018.0,"Despite intensive research, the causes of the obesity epidemic remain incompletely understood and conventional calorie-restricted diets continue to lack long-term efficacy. According to the carbohydrate-insulin model (CIM) of obesity, recent increases in the consumption of processed, high-glycemic-load carbohydrates produce hormonal changes that promote calorie deposition in adipose tissue, exacerbate hunger, and lower energy expenditure. Basic and genetic research provides mechanistic evidence in support of the CIM. In animals, dietary composition has been clearly demonstrated to affect metabolism and body composition, independently of calorie intake, consistent with CIM predictions. Meta-analyses of behavioral trials report greater weight loss with reduced-glycemic load vs low-fat diets, though these studies characteristically suffer from poor long-term compliance. Feeding studies have lacked the rigor and duration to test the CIM, but the longest such studies tend to show metabolic advantages for low-glycemic load vs low-fat diets. Beyond the type and amount of carbohydrate consumed, the CIM provides a conceptual framework for understanding how many dietary and nondietary exposures might alter hormones, metabolism, and adipocyte biology in ways that could predispose to obesity. Pending definitive studies, the principles of a low-glycemic load diet offer a practical alternative to the conventional focus on dietary fat and calorie restriction.",Animals; Caloric Restriction/*methods; Dietary Carbohydrates/*pharmacology; Energy Intake/*physiology; Energy Metabolism/*physiology; Humans; Hypoglycemic Agents/pharmacology; Insulin/*pharmacology; Insulin Resistance; Obesity/*diet therapy/metabolism
36928559,"A genome-wide association study of frailty identifies significant genetic correlation with neuropsychiatric, cardiovascular, and inflammation pathways.",GeroScience,2023 Aug,2023.0,"Frailty is an aging-related clinical phenotype defined as a state in which there is an increase in a person's vulnerability for dependency and/or mortality when exposed to a stressor. While underlying mechanisms leading to the occurrence of frailty are complex, the importance of genetic factors has not been fully investigated. We conducted a large-scale genome-wide association study (GWAS) of frailty, as defined by the five criteria (weight loss, exhaustion, physical activity, walking speed, and grip strength) captured in the Fried Frailty Score (FFS), in 386,565 European descent participants enrolled in the UK Biobank (mean age 57 [SD 8] years, 208,481 [54%] females). We identified 37 independent, novel loci associated with the FFS (p < 5 x 10(-8)), including seven loci without prior described associations with other traits. The variants associated with FFS were significantly enriched in brain tissues as well as aging-related pathways. Our post-GWAS bioinformatic analyses revealed significant genetic correlations between FFS and cardiovascular-, neurological-, and inflammation-related diseases/traits, and subsequent Mendelian Randomization analyses identified causal associations with chronic pain, obesity, diabetes, education-related traits, joint disorders, and depressive/neurological, metabolic, and respiratory diseases. The GWAS signals were replicated in the Health and Retirement Study (HRS, n = 9,720, mean age 73 [SD 7], 5,582 [57%] females), where the polygenic risk score built from UKB GWAS was significantly associated with the FFS in HRS individuals (OR per SD of the score 1.27, 95% CI 1.22-1.31, p = 1.3 x 10(-11)). These results provide new insight into the biology of frailty by comprehensively evaluating its genetic architecture.",Female; Humans; Aged; Male; *Genome-Wide Association Study; *Frailty/genetics; Obesity; Phenotype; Inflammation/genetics
33259790,"Prolonged, Controlled Daytime versus Delayed Eating Impacts Weight and Metabolism.",Current biology : CB,2021 Feb 8,2021.0,"A delayed eating schedule is associated with increased risk of obesity and metabolic dysfunction in humans.(1-9) However, there are no prolonged, highly controlled experimental studies testing the effects of meal timing on weight and metabolism in adults with a body mass index (BMI) of 19-27 kg/m(2).(10-18) Twelve healthy adults (age: 26.3 +/- 3.4 years; BMI: 21.9 +/- 1.7 kg/m(2); 5 females) participated in a randomized crossover study in free-living conditions. Three meals and two snacks with comparable energy and macronutrient contents were provided during two, 8-week, counterbalanced conditions separated by a 2-week washout period: (1) daytime (intake limited to 0800 h-1900 h) and (2) delayed (intake limited to 1200 h-2300 h). Sleep-wake cycles and exercise levels were held constant. Weight, adiposity, energy expenditure, and circadian profiles of hormones and metabolites were assessed during four inpatient visits occurring before and after each condition. Body weight, insulin resistance (homeostatic model assessment of insulin resistance [HOMA-IR]), trunk-to-leg fat ratio, resting energy expenditure, respiratory quotient, and fasting glucose, insulin, total and high-density lipoprotein (dHDL) cholesterol, and adiponectin decreased on the daytime compared to the delayed schedule. These measures, as well as triglycerides, increased on the delayed compared to the daytime schedule (effect size range: d = 0.397-1.019). Circadian phase and amplitude of melatonin, cortisol, ghrelin, leptin, and glucose were not differentially altered by the eating schedules. Overall, an 8-week daytime eating schedule, compared to a delayed eating schedule, promotes weight loss and improvements in energy metabolism and insulin in adults with BMI 19-27 kg/m(2), underscoring the efficacy and feasibility of daytime eating as a behavioral modification for real-world conditions.",Adult; Circadian Rhythm; Cross-Over Studies; *Eating; Energy Metabolism; Female; Glucose; Humans; Insulin; Insulin Resistance; Male; Obesity; Young Adult
35457152,The Role of Glp-1 Receptor Agonists in Insulin Resistance with Concomitant Obesity Treatment in Polycystic Ovary Syndrome.,International journal of molecular sciences,2022 Apr 14,2022.0,"Insulin resistance is documented in clamp studies in 75% of women with polycystic ovary syndrome (PCOS). Although it is not included in the diagnostic criteria of PCOS, there is a crucial role of this metabolic impairment, which along with hormonal abnormalities, increase each other in a vicious circle of PCOS pathogenesis. Insulin resistance in this group of patients results from defects at the molecular level, including impaired insulin receptor-related signaling pathways enhanced by obesity and its features: Excess visceral fat, chronic inflammation, and reactive oxygen species. While lifestyle intervention has a first-line role in the prevention and management of excess weight in PCOS, the role of anti-obesity pharmacological agents in achieving and maintaining weight loss is being increasingly recognized. Glucagon-like peptide-1 receptor agonists (GLP1-RAs) not only act by reducing body weight but also can affect the mechanisms involved in insulin resistance, like an increasing expression of glucose transporters in insulin-dependent tissues, decreasing inflammation, reducing oxidative stress, and modulating lipid metabolism. They also tend to improve fertility either by increasing LH surge in hypothalamus-pituitary inhibition due to estrogen excess connected with obesity or decreasing too high LH levels accompanying hyperinsulinemia. GLP1-RAs seem promising for effective treatment of obese PCOS patients, acting on one of the primary causes of PCOS at the molecular level.",*Anti-Obesity Agents/therapeutic use; Female; Humans; Inflammation/complications; Insulin/therapeutic use; *Insulin Resistance; Obesity/complications/drug therapy/metabolism; *Polycystic Ovary Syndrome/complications/drug therapy/metabolism; Glucagon-Like Peptide-1 Receptor Agonists
33042284,Panax notoginseng saponins modulate the gut microbiota to promote thermogenesis and beige adipocyte reconstruction via leptin-mediated AMPKalpha/STAT3 signaling in diet-induced obesity.,Theranostics,2020,2020.0,"Background: Activation of the thermogenic program in white and brown adipocytes presents a promising avenue for increasing energy expenditure during the treatment of obesity. The endogenous mechanism for promoting thermogenesis in brown adipocytes or browning in white adipocytes has indicated that the gut microbiota is a crucial regulator of the host energy balance. However, whether the effects of the therapeutic intervention-induced modulation of the gut microbiota on adipocyte browning involved the regulation of leptin remains unclear. Method: The adipose features were analyzed by body composition analysis, infrared camera observations, transmission electron microscopy and H&E staining. The gene and protein expression in adipose tissue were detected by qRT-PCR, immunoblotting, immunohistochemistry and immunofluorescence staining. The gut microbiome signature was identified by 16S rRNA gene amplicon sequencing, and both mice with high-fat diet-induced obesity (DIO) and mice with antibiotics-induced microbiome depletion were subjected to fecal microbiota transplantation. Results: Treatment with Panax notoginseng saponins (PNS) shaped the murine gut microbiome by increasing the abundances of Akkermansia muciniphila and Parabacteroides distasonis, and as a result, DIO mice harbored a distal gut microbiota with a significantly increased capacity to reduce host adiposity. The PNS-induced modulation of the gut microbiota in DIO mice could increase brown adipose tissue (BAT) thermogenesis and beige adipocyte reconstruction by activating the leptin-AMPK/STAT3 signaling pathway, which results in the promotion of energy expenditure. Leptin has an essential influence on the anti-obesity effects of PNS. In cases of leptin deficiency, the PNS-induced modulation of the gut microbiota exerts negative effects on thermogenesis and browning in white adipose tissue (WAT), which indicates that PNS fail to reduce obesity in leptin gene-deficient mice. The PNS-induced modulation of the gut microbiota exerted a minimal effect on DIO mice with antibiotic-induced microbiome depletion, which confirmed the correlation between altered gut microbiota and the remodeling of adipose tissues in DIO mice. The direct influence of leptin on browning via the AMPKalpha/STAT3 signaling pathway in C3H101/2 cells supported our in vivo results that signalling through the leptin-AMPK/STAT3 pathway induced by the PNS-modulated gut microbiota was involved in beige adipocyte reconstruction. Conclusion: Our results revealed that leptin signaling is critical for alterations in microbiota-fat crosstalk and provide promising avenues for therapeutic intervention in the treatment of obesity.","AMP-Activated Protein Kinases/metabolism; Adipocytes, Beige/drug effects/metabolism; Adipose Tissue, White/cytology/drug effects/metabolism; Akkermansia/genetics/isolation & purification; Animals; Bacteroidetes/genetics/isolation & purification; Body Composition; DNA, Bacterial/isolation & purification; Diet, High-Fat/adverse effects; Disease Models, Animal; Energy Metabolism/drug effects; Gastrointestinal Microbiome/*drug effects/physiology; Humans; Leptin/metabolism; Male; Mice; Mice, Obese; Obesity/*drug therapy/etiology/pathology; Panax notoginseng/*chemistry; RNA, Ribosomal, 16S/genetics; STAT3 Transcription Factor/metabolism; Saponins/*administration & dosage; Signal Transduction/drug effects; Thermogenesis/*drug effects"
33919503,"Effects of Low-Carbohydrate versus Mediterranean Diets on Weight Loss, Glucose Metabolism, Insulin Kinetics and beta-Cell Function in Morbidly Obese Individuals.",Nutrients,2021 Apr 18,2021.0,"Low-calorie Mediterranean-style or low-carbohydrate dietary regimens are widely used nutritional strategies against obesity and associated metabolic diseases, including type 2 diabetes. The aim of this study was to compare the effectiveness of a balanced Mediterranean diet with a low-carbohydrate diet on weight loss and glucose homeostasis in morbidly obese individuals at high risk to develop diabetes. Insulin secretion, insulin clearance, and different beta-cell function components were estimated by modeling plasma glucose, insulin and C-peptide profiles during 75-g oral glucose tolerance tests (OGTTs) performed at baseline and after 4 weeks of each dietary intervention. The average weight loss was 5%, being 58% greater in the low-carbohydrate-group than Mediterranean-group. Fasting plasma glucose and glucose tolerance were not affected by the diets. The two dietary regimens proved similarly effective in improving insulin resistance and fasting hyperinsulinemia, while enhancing endogenous insulin clearance and beta-cell glucose sensitivity. In summary, we demonstrated that a low-carbohydrate diet is a successful short-term approach for weight loss in morbidly obese patients and a feasible alternative to the Mediterranean diet for its glucometabolic benefits, including improvements in insulin resistance, insulin clearance and beta-cell function. Further studies are needed to compare the long-term efficacy and safety of the two diets.","Adult; Blood Glucose/metabolism; Diet, Carbohydrate-Restricted/*methods; *Diet, Mediterranean; Diet, Reducing/*methods; Fasting/blood; Female; Glucose Tolerance Test; Humans; Insulin/blood; Insulin Resistance/physiology; Insulin-Secreting Cells/metabolism; Male; Middle Aged; Obesity, Morbid/blood/*diet therapy/physiopathology; Treatment Outcome; *Weight Loss"
29529423,The genetics of adiposity.,Current opinion in genetics & development,2018 Jun,2018.0,"Genome-wide discovery efforts have identified more than 500 genetic loci associated with adiposity traits. The vast majority of these loci were found through large-scale meta-analyses for body mass index (BMI) and waist-to-hip ratio (WHR), and in European ancestry populations. However, alternative approaches, focusing on non-European ancestry populations, more refined adiposity measures, and low-frequency (minor allele frequency (MAF)<5%) coding variants, identified additional novel loci that had not been identified before. Loci associated with overall obesity implicate pathways that act in the brain, whereas loci associated with fat distribution point to pathways involved in adipocyte biology. Pinpointing the causal gene within each locus remains challenging, but is a critical step towards translation of genome-wide association study (GWAS) loci into new biology. Ultimately, new genes may provide pharmacological targets for the development of weight loss drugs.","Adiposity/*genetics; Body Mass Index; *Genetic Predisposition to Disease; Genome-Wide Association Study; Humans; Obesity/*genetics/physiopathology; Polymorphism, Single Nucleotide; Waist-Hip Ratio"
31577926,Auto-Regulation of Leptin Neurobiology.,Cell metabolism,2019 Oct 1,2019.0,"The clinical use of the hormone leptin, a key regulator of food intake, to treat the most common instances of obesity has so far failed. In this issue, Zhao et al. (2019) report that, paradoxically, reducing leptin levels in obese mice increases their sensitivity to the concentrations that remain, and leads to reductions in weight gain, thus suggesting why these earlier trials may have failed and possibly a new approach to treating obesity.",Animals; Insulin; *Leptin; Mice; Neurobiology; Obesity; *Weight Loss
30874792,Ghrelin's Relationship to Blood Glucose.,Endocrinology,2019 May 1,2019.0,"Much effort has been directed at studying the orexigenic actions of administered ghrelin and the potential effects of the endogenous ghrelin system on food intake, food reward, body weight, adiposity, and energy expenditure. Although endogenous ghrelin's actions on some of these processes remain ambiguous, its glucoregulatory actions have emerged as well-recognized features during extreme metabolic conditions. The blood glucose-raising actions of ghrelin are beneficial during starvation-like conditions, defending against life-threatening falls in blood glucose, but they are seemingly detrimental in obese states and in certain monogenic forms of diabetes, contributing to hyperglycemia. Also of interest, blood glucose negatively regulates ghrelin secretion. This article reviews the literature suggesting the existence of a blood glucose-ghrelin axis and highlights the factors that mediate the glucoregulatory actions of ghrelin, especially during metabolic extremes such as starvation and diabetes.",Adiposity/drug effects/physiology; Animals; Blood Glucose/*metabolism; Body Weight/drug effects/physiology; Eating/*drug effects/physiology; Energy Metabolism/drug effects/physiology; Ghrelin/blood/*metabolism/*pharmacology; Humans; Hyperglycemia/blood/physiopathology; Obesity/blood/physiopathology
31652224,Weight Loss: How Does It Fit in With Liposuction?,Dermatologic surgery : official publication for American Society for Dermatologic,2020 Oct,2020.0,"BACKGROUND: Weight loss is traditionally viewed as straightforward counting of calories in and calories out, with little regard to the role of the adipocytes tasked with storing said calories. However, the body executes a complex compensatory response to any intervention that depletes its energy stores. Here, the authors discuss the methods used to attain weight loss, the body's response to this weight loss, and the difficulties in maintaining weight loss. Furthermore, the authors provide an overview of the literature on the physiological effects of liposuction. OBJECTIVE: To describe the role of adipose tissue in energy homeostasis, methods of weight loss, weight regain, and the effect of liposuction on endocrine signaling. METHODS: The authors conducted a narrative review of representative studies. CONCLUSION: A variety of strategies for weight loss exist, and optimizing one's weight status may in turn optimize the aesthetic outcomes of liposuction. This is most apparent in the preferential reaccumulation of fat in certain areas after liposuction and the ability to avoid this with a negative energy balance.","Combined Modality Therapy; Diet, Healthy; Exercise Therapy; Humans; Leptin/metabolism; *Lipectomy; Lipid Metabolism/physiology; Obesity/metabolism/*therapy; Recurrence; Subcutaneous Fat/*metabolism/surgery; Treatment Outcome; Weight Gain/*physiology; Weight Loss/*physiology"
33619380,Genome-wide discovery of genetic loci that uncouple excess adiposity from its comorbidities.,Nature metabolism,2021 Feb,2021.0,"Obesity is a major risk factor for cardiometabolic diseases. Nevertheless, a substantial proportion of individuals with obesity do not suffer cardiometabolic comorbidities. The mechanisms that uncouple adiposity from its cardiometabolic complications are not fully understood. Here, we identify 62 loci of which the same allele is significantly associated with both higher adiposity and lower cardiometabolic risk. Functional analyses show that the 62 loci are enriched for genes expressed in adipose tissue, and for regulatory variants that influence nearby genes that affect adipocyte differentiation. Genes prioritized in each locus support a key role of fat distribution (FAM13A, IRS1 and PPARG) and adipocyte function (ALDH2, CCDC92, DNAH10, ESR1, FAM13A, MTOR, PIK3R1 and VEGFB). Several additional mechanisms are involved as well, such as insulin-glucose signalling (ADCY5, ARAP1, CREBBP, FAM13A, MTOR, PEPD, RAC1 and SH2B3), energy expenditure and fatty acid oxidation (IGF2BP2), browning of white adipose tissue (CSK, VEGFA, VEGFB and SLC22A3) and inflammation (SH2B3, DAGLB and ADCY9). Some of these genes may represent therapeutic targets to reduce cardiometabolic risk linked to excess adiposity.","Adipocytes/metabolism; Adipocytes, Brown/physiology; Adipocytes, White/physiology; Adipose Tissue/metabolism; Adiposity/*genetics; Alleles; Energy Metabolism/physiology; Fatty Acids/metabolism; Genetic Loci/*genetics; *Genome-Wide Association Study; Glucose/metabolism; Humans; Insulin/metabolism; Multigene Family/genetics; Obesity/complications/*genetics; Risk Assessment; Signal Transduction/physiology"
33200240,Brain JNK and metabolic disease.,Diabetologia,2021 Feb,2021.0,"Obesity, which has long since reached epidemic proportions worldwide, is associated with long-term stress to a variety of organs and results in diseases including type 2 diabetes. In the brain, overnutrition induces hypothalamic stress associated with the activation of several signalling pathways, together with central insulin and leptin resistance. This central action of nutrient overload appears very rapidly, suggesting that nutrition-induced hypothalamic stress is a major upstream initiator of obesity and associated diseases. The cellular response to nutrient overload includes the activation of the stress-activated c-Jun N-terminal kinases (JNKs) JNK1, JNK2 and JNK3, which are widely expressed in the brain. Here, we review recent findings on the regulation and effects of these kinases, with particular focus on the hypothalamus, a key brain region in the control of energy and glucose homeostasis. JNK1 blocks the hypothalamic-pituitary-thyroid axis, reducing energy expenditure and promoting obesity. Recently, opposing roles have been identified for JNK1 and JNK3 in hypothalamic agouti gene-related protein (AgRP) neurons: while JNK1 activation in AgRP neurons induces feeding and weight gain and impairs insulin and leptin signalling, JNK3 (also known as MAPK10) deletion in the same neuronal population produces very similar effects. The opposing roles of these kinases, and the unknown role of hypothalamic JNK2, reflect the complexity of JNK biology. Future studies should address the specific function of each kinase, not only in different neuronal subsets, but also in non-neuronal cells in the central nervous system. Decoding the puzzle of brain stress kinases will help to define the central stimuli and mechanisms implicated in the control of energy balance. Graphical abstract.",Agouti-Related Protein/metabolism; Animals; Brain/cytology/metabolism; Endoplasmic Reticulum Stress; Energy Metabolism/*physiology; Feeding Behavior/physiology; Glucose/metabolism; Humans; Hypothalamo-Hypophyseal System/metabolism; Hypothalamus/cytology/*metabolism; Insulin/metabolism; JNK Mitogen-Activated Protein Kinases/metabolism; Leptin/metabolism; Metabolic Diseases/metabolism; Mitogen-Activated Protein Kinase 10/*metabolism; Mitogen-Activated Protein Kinase 8/*metabolism; Mitogen-Activated Protein Kinase 9/metabolism; Neurons/cytology/*metabolism; Obesity/*metabolism; Thyroid Gland/metabolism; Weight Gain/physiology
36727942,Association of obesity and cardiovascular disease and progress in pharmacotherapy: what is next for obesity?,International journal of rehabilitation research. Internationale Zeitschrift fur,2023 Mar 1,2023.0,"Obesity has recently emerged as one of the most severe health concerns. Obesity is a key autonomous risk factor for heart failure and contributes to cardiovascular disease (CVD) risk factors such as hypertension, type 2 diabetes, and metabolic abnormalities. Obesity is caused by a metabolic imbalance, which occurs when calories burnt are fewer than the number of calories consumed. There are several pathways accountable for the adverse impacts of obesity on the cardiovascular system. Inflammatory cell infiltration develops in the adipose tissue, the pancreas, and other issues similar to the progression of obesity. Inflammation is triggered by immune cells that invade dysfunctional adipose tissue. The atherosclerotic inflammation phase, related to obesity, induces coronary calcification. Obesity is linked to elevated levels of leptin and high blood pressure. Leptin causes systemic vasoconstriction, sodium retention, and increased blood pressure by influencing the synthesis of nitric oxide and activating the sympathetic nervous system. Obesity is a well-known risk factor for CVD and is one of the leading causes of the greater risk of diseases, including dyslipidemia, hypertension, depression, metabolic syndrome, atrial fibrillation, and heart failure in adults and children. When used with dietary improvements, antiobesity drugs improve the probability of experiencing clinically healthy (5%) weight loss. This review aimed to address the consequences of obesity on cardiac structure and function, risk factors, the impact of the obesity paradox, pharmacological treatment strategies for managing and recommended exercise and diet.","Adult; Child; Humans; *Cardiovascular Diseases/complications; Leptin/therapeutic use; *Diabetes Mellitus, Type 2/complications; Obesity/therapy; *Hypertension/complications; Inflammation/complications; *Heart Failure/complications"
37819541,Genetics and Epigenetics in Obesity: What Do We Know so Far?,Current obesity reports,2023 Dec,2023.0,"PURPOSE OF REVIEW: Enormous progress has been made in understanding the genetic architecture of obesity and the correlation of epigenetic marks with obesity and related traits. This review highlights current research and its challenges in genetics and epigenetics of obesity. RECENT FINDINGS: Recent progress in genetics of polygenic traits, particularly represented by genome-wide association studies, led to the discovery of hundreds of genetic variants associated with obesity, which allows constructing polygenic risk scores (PGS). In addition, epigenome-wide association studies helped identifying novel targets and methylation sites being important in the pathophysiology of obesity and which are essential for the generation of methylation risk scores (MRS). Despite their great potential for predicting the individual risk for obesity, the use of PGS and MRS remains challenging. Future research will likely discover more loci being involved in obesity, which will contribute to better understanding of the complex etiology of human obesity. The ultimate goal from a clinical perspective will be generating highly robust and accurate prediction scores allowing clinicians to predict obesity as well as individual responses to body weight loss-specific life-style interventions.","Humans; *DNA Methylation/genetics; *Genome-Wide Association Study; Epigenesis, Genetic; Obesity/genetics; Phenotype; Genetic Risk Score"
30274687,Obesity and bowel cancer: from molecular mechanisms to interventions.,"Nutrition research (New York, N.Y.)",2019 Oct,2019.0,"The purpose of this review article is to examine the evidence of the mechanisms linking obesity with bowel cancer risk and to comment on the development of interventions that may lower risk of this common age-related disease. The choice of topics for inclusion reflects my personal research on the etiology and prevention of bowel cancer over the past 3 decades. I have cited literature which addresses each of these topics, but because of the breadth of the review article, I have not attempted to do this systematically. The accumulation of genomic damage which leads to colorectal (bowel) cancer (CRC) is influenced by the balance between damage acquisition through environmental exposures and endogenous factors/processes and the effectiveness of genomic repair mechanisms. There is now convincing evidence that obesity is associated with increased bowel cancer risk, and this increased risk is apparent even among those with Lynch syndrome who are genetically predisposed to the disease. It seems likely that genomic damage resulting from obesity-related inflammation is a key driver of colorectal tumorigenesis, but mechanisms may also include altered insulin/insulin-like growth factor 1 signaling which may give tumor cells a competitive advantage. The importance of inflammation as a mediator of the effects of obesity is supported by the fall in CRC risk which follows sustained exposure to nonsteroidal anti-inflammatory drug such as aspirin and the abrogation of the excess CRC risk in obese patients with Lynch syndrome who were randomized to aspirin. Because the available evidence about the effects of weight loss in the obese on CRC risk is limited, this should be a high priority for future research. In the meantime, to lower the global CRC burden, it would be prudent to institute effective public measures to reduce the development of obesity and to enable those who are obese to lose weight.","*Body Mass Index; *Body Weight; Colorectal Neoplasms/*etiology/genetics/metabolism; Colorectal Neoplasms, Hereditary Nonpolyposis; DNA Damage; Humans; Inflammation/*complications; Insulin/metabolism; Insulin-Like Growth Factor I/metabolism; Obesity/*complications/metabolism"
35889827,Implications of Resveratrol in Obesity and Insulin Resistance: A State-of-the-Art Review.,Nutrients,2022 Jul 13,2022.0,"Background: Resveratrol is a polyphenol chemical that naturally occurs in many plant-based dietary products, most notably, red wine. Discovered in 1939, widespread interest in the potential health benefits of resveratrol emerged in the 1970s in response to epidemiological data on the cardioprotective effects of wine. Objective: To explore the background of resveratrol (including its origins, stability, and metabolism), the metabolic effects of resveratrol and its mechanisms of action, and a potential future role of dietary resveratrol in the lifestyle management of obesity. Data sources: We performed a narrative review, based on relevant articles written in English from a Pubmed search, using the following search terms: ""resveratrol"", ""obesity"", ""Diabetes Mellitus"", and ""insulin sensitivity"". Results: Following its ingestion, resveratrol undergoes extensive metabolism. This includes conjugation (with sulfate and glucuronate) within enterocytes, hydrolyzation and reduction within the gut through the action of the microbiota (with the formation of metabolites such as dihydroresveratrol), and enterohepatic circulation via the bile. Ex vivo studies on adipose tissue reveal that resveratrol inhibits adipogenesis and prevents the accumulation of triglycerides through effects on the expression of Peroxisome Proliferator-activated Receptor gamma (PPARgamma) and sirtuin 1, respectively. Furthermore, resveratrol induces anti-inflammatory effects, supported by data from animal-based studies. Limited data from human-based studies reveal that resveratrol improves insulin sensitivity and fasting glucose levels in patients with Type 2 Diabetes Mellitus and may improve inflammatory status in human obesity. Although numerous mechanisms may underlie the metabolic benefits of resveratrol, evidence supports a role in its interaction with the gut microbiota and modulation of protein targets, including sirtuins and proteins related to nitric oxide, insulin, and nuclear hormone receptors (such as PPARgamma). Conclusions: Despite much interest, there remain important unanswered questions regarding its optimal dosage (and how this may differ between and within individuals), and possible benefits within the general population, including the potential for weight-loss and improved metabolic function. Future studies should properly address these important questions before we can advocate the widespread adoption of dietary resveratrol supplementation.","Animals; Diabetes Mellitus, Type 2/drug therapy; Humans; Insulin; *Insulin Resistance; *Obesity/drug therapy; PPAR gamma; *Resveratrol/pharmacology"
29131106,Gut Microbiota-Dependent Modulation of Energy Metabolism.,Journal of innate immunity,2018,2018.0,"The gut microbiota has emerged as an environmental factor that modulates the host's energy balance. It increases the host's ability to harvest energy from the digested food, and produces metabolites and microbial products such as short-chain fatty acids, secondary bile acids, and lipopolysaccharides. These metabolites and microbial products act as signaling molecules that modulate appetite, gut motility, energy uptake and storage, and energy expenditure. Several findings suggest that the gut microbiota can affect the development of obesity. Germ-free mice are leaner than conventionally raised mice and they are protected against diet-induced obesity. Furthermore, obese humans and rodents have an altered gut microbiota composition with less phylogeneic diversity compared to lean controls, and transplantation of the gut microbiota from obese subjects to germ-free mice can transfer the obese phenotype. Taken together, these findings indicate a role for the gut microbiota in obesity and suggest that the gut microbiota could be targeted to improve metabolic diseases like obesity. This review focuses on the role of the gut microbiota in energy balance regulation and its potential role in obesity.",Animals; *Energy Metabolism; Gastrointestinal Microbiome/*physiology; Humans; Hypothalamus/metabolism/physiology; Leptin/metabolism; Obesity/*metabolism/*microbiology; Signal Transduction; Symbiosis
30641865,Resveratrol and Its Human Metabolites-Effects on Metabolic Health and Obesity.,Nutrients,2019 Jan 11,2019.0,"Resveratrol is one of the most widely studied polyphenols and it has been assigned a plethora of metabolic effects with potential health benefits. Given its low bioavailability and extensive metabolism, clinical studies using resveratrol have not always replicated in vitro observations. In this review, we discuss human metabolism and biotransformation of resveratrol, and reported molecular mechanisms of action, within the context of metabolic health and obesity. Resveratrol has been described as mimicking caloric restriction, leading to improved exercise performance and insulin sensitivity (increasing energy expenditure), as well as having a body fat-lowering effect by inhibiting adipogenesis, and increasing lipid mobilization in adipose tissue. These multi-organ effects place resveratrol as an anti-obesity bioactive of potential therapeutic use.","Adiposity/drug effects; Animals; Energy Metabolism; Gastrointestinal Microbiome/drug effects; Humans; Insulin Resistance; Models, Animal; Obesity/*drug therapy; Polyphenols/blood/metabolism/pharmacokinetics; Resveratrol/blood/*metabolism/*pharmacokinetics; Sesquiterpenes/blood/metabolism/pharmacokinetics; Phytoalexins"
32323063,Revisiting the Ghrelin Changes Following Bariatric and Metabolic Surgery.,Obesity surgery,2020 Jul,2020.0,"Since the description of ghrelin in 1999, several studies have dug into the effects of this hormone and its relationship with bariatric surgery. While some aspects are still unresolved, a clear connection between ghrelin and the changes after metabolic surgery have been established. Besides weight loss, a significant amelioration in obesity-related comorbidities following surgery has also been reported. These changes in patients occur in the early postoperative period, before the weight loss appears, so that amelioration may be mainly due to hormonal changes. The purpose of this review is to go through the current body of knowledge of ghrelin's physiology, as well as to update and clarify the changes that take place in ghrelin concentrations following bariatric/metabolic surgery together with their potential consolidation to outcomes.","*Bariatric Surgery; Ghrelin; Humans; Obesity/surgery; *Obesity, Morbid/surgery; Weight Loss"
34953778,Rare genetic causes of obesity: Diagnosis and management in clinical care.,Annales d'endocrinologie,2022 Feb,2022.0,"Rare genetic forms of obesity are linked to impaired energy balance (i.e., eating behaviour and energy expenditure) involving hypothalamic pathways. More than 60 genes coding for proteins located in the hypothalamic leptin/melanocortin pathway contribute to the development of these rare forms of obesity. The ambition of the French National Protocol for the Diagnosis and Care (PNDS) of Obesity of Rare Causes was to establish practical recommendations for assessment and management at all ages. This report is available on the website of the French Health Authority (HAS). In addition to severe obesity, patients often display obesity-related comorbidities and neuropsychological/psychiatric disorders. These complex conditions make clinical management particularly challenging. Early diagnosis is critical for the organization of coordinated specialized multidisciplinary care, with mandatory interaction between caregivers, social partners and families. Strategies to prevent aggravation of obesity consist in limiting access to food, establishing a reassuring daily eating environment, and the practice of sustained adapted supervised daily physical activity. The implementation of genetic diagnosis in clinical practice now enables a personalized medicine approach with access to new drug therapies, and improves the analysis of the risk/benefit ratio of bariatric surgery.","Bariatric Surgery; Energy Metabolism; Humans; Hypothalamus; Leptin; Obesity/*genetics; Obesity, Morbid/genetics"
29506229,Insulin resistance and body composition in cancer patients.,Annals of oncology : official journal of the European Society for Medical,2018 Feb 1,2018.0,"Cancer cachexia, weight loss with altered body composition, is a multifactorial syndrome propagated by symptoms that impair caloric intake, tumor byproducts, chronic inflammation, altered metabolism, and hormonal abnormalities. Cachexia is associated with reduced performance status, decreased tolerance to chemotherapy, and increased mortality in cancer patients. Insulin resistance as a consequence of tumor byproducts, chronic inflammation, and endocrine dysfunction has been associated with weight loss in cancer patients. Insulin resistance in cancer patients is characterized by increased hepatic glucose production and gluconeogenesis, and unlike type 2 diabetes, normal fasting glucose with high, normal or low levels of insulin. Cancer cachexia results in altered body composition with the loss of lean muscle mass with or without the loss of adipose tissue. Alteration in visceral adiposity, accumulation of intramuscular adipose tissue, and secretion of adipocytokines from adipose cells may play a role in promoting the metabolic derangements associated with cachexia including a proinflammatory environment and insulin resistance. Increased production of ghrelin, testosterone deficiency, and low vitamin D levels may also contribute to altered metabolism of glucose. Cancer cachexia cannot be easily reversed by standard nutritional interventions and identifying and treating cachexia at the earliest stage of development is advocated. Experts advocate for multimodal therapy to address symptoms that impact caloric intake, reduce chronic inflammation, and treat metabolic and endocrine derangements, which propagate the loss of weight. Treatment of insulin resistance may be a critical component of multimodal therapy for cancer cachexia and more research is needed.",Adiposity/drug effects/physiology; Adrenergic beta-Agonists/administration & dosage; Body Composition/drug effects/*physiology; Cachexia/etiology/metabolism/physiopathology/*therapy; Combined Modality Therapy/methods; Energy Intake/physiology; Exercise/physiology; Gluconeogenesis/drug effects/physiology; Humans; Hypoglycemic Agents/administration & dosage; Inflammation/etiology/metabolism/*physiopathology/therapy; Insulin/administration & dosage/metabolism; Insulin Resistance/*physiology; Neoplasms/complications/metabolism/*physiopathology; Nutritional Support/methods; Weight Loss/drug effects/physiology
37787550,Central Adiposity Increases Risk of Kidney Stone Disease through Effects on Serum Calcium Concentrations.,Journal of the American Society of Nephrology : JASN,2023 Dec 1,2023.0,"SIGNIFICANCE STATEMENT: Kidney stone disease is a common disorder with poorly understood pathophysiology. Observational and genetic studies indicate that adiposity is associated with an increased risk of kidney stone disease. However, the relative contribution of general and central adipose depots and the mechanisms by which effects of adiposity on kidney stone disease are mediated have not been defined. Using conventional and genetic epidemiological techniques, we demonstrate that general and central adiposity are independently associated with kidney stone disease. In addition, one mechanism by which central adiposity increases risk of kidney stone disease is by increasing serum calcium concentration. Therapies targeting adipose depots may affect calcium homeostasis and help to prevent kidney stone disease. BACKGROUND: Kidney stone disease affects approximately 10% of individuals in their lifetime and is frequently recurrent. The disease is linked to obesity, but the mechanisms mediating this association are uncertain. METHODS: Associations of adiposity and incident kidney stone disease were assessed in the UK Biobank over a mean of 11.6 years/person. Genome-wide association studies and Mendelian randomization (MR) analyses were undertaken in the UK Biobank, FinnGen, and in meta-analyzed cohorts to identify factors that affect kidney stone disease risk. RESULTS: Observational analyses on UK Biobank data demonstrated that increasing central and general adiposity is independently associated with incident kidney stone formation. Multivariable MR, using meta-analyzed UK Biobank and FinnGen data, established that risk of kidney stone disease increases by approximately 21% per one standard deviation increase in body mass index (BMI, a marker of general adiposity) independent of waist-to-hip ratio (WHR, a marker of central adiposity) and approximately 24% per one standard deviation increase of WHR independent of BMI. Genetic analyses indicate that higher WHR, but not higher BMI, increases risk of kidney stone disease by elevating adjusted serum calcium concentrations (beta=0.12 mmol/L); WHR mediates 12%-15% of its effect on kidney stone risk in this way. CONCLUSIONS: Our study indicates that visceral adipose depots elevate serum calcium concentrations, resulting in increased risk of kidney stone disease. These findings highlight the importance of weight loss in individuals with recurrent kidney stones and suggest that therapies targeting adipose depots may affect calcium homeostasis and contribute to prevention of kidney stone disease.","Humans; *Adiposity/genetics; Calcium; Risk Factors; Genome-Wide Association Study; Obesity/complications; Obesity, Abdominal/complications/genetics; Waist-Hip Ratio; Body Mass Index; *Kidney Calculi/epidemiology/etiology; Mendelian Randomization Analysis"
38225400,mTORC1 in energy expenditure: consequences for obesity.,Nature reviews. Endocrinology,2024 Apr,2024.0,"In eukaryotic cells, the mammalian target of rapamycin complex 1 (sometimes referred to as the mechanistic target of rapamycin complex 1; mTORC1) orchestrates cellular metabolism in response to environmental energy availability. As a result, at the organismal level, mTORC1 signalling regulates the intake, storage and use of energy by acting as a hub for the actions of nutrients and hormones, such as leptin and insulin, in different cell types. It is therefore unsurprising that deregulated mTORC1 signalling is associated with obesity. Strategies that increase energy expenditure offer therapeutic promise for the treatment of obesity. Here we review current evidence illustrating the critical role of mTORC1 signalling in the regulation of energy expenditure and adaptive thermogenesis through its various effects in neuronal circuits, adipose tissue and skeletal muscle. Understanding how mTORC1 signalling in one organ and cell type affects responses in other organs and cell types could be key to developing better, safer treatments targeting this pathway in obesity.",Humans; Mechanistic Target of Rapamycin Complex 1/metabolism; *Obesity/metabolism; *Signal Transduction/physiology; Insulin/metabolism; Energy Metabolism/physiology
35441332,Appetite Changes in Weight Regain and Weight Maintenance After Roux-en-Y Gastric Bypass.,Obesity surgery,2022 Jul,2022.0,"PURPOSE: Roux-en-Y gastric bypass (RYGB) surgery produces significant weight loss. However, a number of patients experience weight regain years after surgery. Factors driving weight regain after surgical interventions are currently being explored. Our objective was to investigate appetite-related measures associated with weight regain after RYGB surgery. MATERIALS AND METHODS: Using a cross-sectional design, 29 participants (49.6 +/- 9.1 years of age; current BMI 32.4 +/- 4.7 kg/m(2), 43.6 +/- 8.9 months post-RYGB) were stratified into tertiles according to weight regain per month after nadir (weight maintenance (WM), n = 9; low weight regain (LWR), n = 10; and high weight regain (HWR), n = 10). The average weight regain was, by design, significantly different between the groups (WM = 2.2 +/- 2.5 kg; LWR = 10.0 +/- 3.4 kg; HWR = 14.9 +/- 6.3 kg regained, p < 0.05). Appetite (visual analog scales), olfactory performance (""sniffin sticks""), eating behaviors (Three Factor Eating Questionnaire), food reward (Leeds Food Preference Questionnaire), and appetite-related hormones (ghrelin, PYY, GLP-1 and leptin) were measured fasting and in response to a standardized test meal. RESULTS: Dietary restraint was significantly higher than clinical cutoffs in WM and LWR (p < 0.05). As expected, significant time effects were noted for ghrelin, PYY, and GLP-1, but there were no group differences. CONCLUSION: The results suggest that appetite-related outcomes are similar across individuals who have maintained weight loss and experienced regain following RYGB.","Appetite/physiology; Body Weight Maintenance; Cross-Sectional Studies; *Gastric Bypass/methods; Ghrelin; Glucagon-Like Peptide 1; Humans; *Obesity, Morbid/surgery; Weight Gain/physiology; Weight Loss/physiology"
30728086,"Seafood intake and the development of obesity, insulin resistance and type 2 diabetes.",Nutrition research reviews,2019 Jun,2019.0,"We provide an overview of studies on seafood intake in relation to obesity, insulin resistance and type 2 diabetes. Overweight and obesity development is for most individuals the result of years of positive energy balance. Evidence from intervention trials and animal studies suggests that frequent intake of lean seafood, as compared with intake of terrestrial meats, reduces energy intake by 4-9 %, sufficient to prevent a positive energy balance and obesity. At equal energy intake, lean seafood reduces fasting and postprandial risk markers of insulin resistance, and improves insulin sensitivity in insulin-resistant adults. Energy restriction combined with intake of lean and fatty seafood seems to increase weight loss. Marine n-3 PUFA are probably of importance through n-3 PUFA-derived lipid mediators such as endocannabinoids and oxylipins, but other constituents of seafood such as the fish protein per se, trace elements or vitamins also seem to play a largely neglected role. A high intake of fatty seafood increases circulating levels of the insulin-sensitising hormone adiponectin. As compared with a high meat intake, high intake of seafood has been reported to reduce plasma levels of the hepatic acute-phase protein C-reactive protein level in some, but not all studies. More studies are needed to confirm the dietary effects on energy intake, obesity and insulin resistance. Future studies should be designed to elucidate the potential contribution of trace elements, vitamins and undesirables present in seafood, and we argue that stratification into responders and non-responders in randomised controlled trials may improve the understanding of health effects from intake of seafood.","Animals; Diabetes Mellitus, Type 2/*prevention & control; *Diet; Fatty Acids, Omega-3/therapeutic use; *Feeding Behavior; Humans; Insulin/*metabolism; *Insulin Resistance; Obesity/*prevention & control; *Seafood"
36470361,Do changes in persistent organic pollutants after bariatric surgery cause endocrine disruption?,Chemosphere,2023 Feb,2023.0,"BACKGROUND: Bariatric surgery results in weight loss, marked endocrine changes and the release of persistent organic pollutants (POPs). The release of POPs might cause endocrine disruption. The study aimed to explore associations between POPs and adiponectin, leptin and ghrelin in subjects undergoing bariatric surgery. METHODS: The study included 63 subjects with severe obesity (men/women: 13/50), age (years): 45.0 (8.5), and BMI (kg/m(2)) 39.1 (3.4). Analyses of adiponectin, leptin and ghrelin and POPs (hexachlorobenzene (HCB), dichlorodiphenyldichloroethylene (p,p'-DDE), polychlorinated biphenyl (PCB) 118 (dioxin-like compound; dl), and sum 6 PCB (PCB 28, -52, -101, -138, -153, and -180) were performed before and 12 months after bariatric surgery. RESULTS: There were significant increases in adiponectin and all POPs and a fall in leptin after surgery. The main finding was the highly significant associations between adiponectin and all POPs. The increase in HCB explained 38% of the variation in adiponectin. CONCLUSIONS: If the POP-associated increase in adiponectin is a causal effect, the release of POPs might have important clinical consequences. Adiponectin has both positive and negative clinical effects exerted by essentially unknown mechanisms. The effects of released POPs on the metabolic functions in subjects undergoing bariatric surgery deserve further evaluation.","Female; Humans; Male; Adiponectin; *Bariatric Surgery; Dichlorodiphenyl Dichloroethylene; Environmental Exposure/analysis; *Environmental Pollutants; Ghrelin; Hexachlorobenzene; *Hydrocarbons, Chlorinated; Leptin; Persistent Organic Pollutants; *Polychlorinated Biphenyls; Middle Aged"
30959481,Leptin resensitisation: a reversion of leptin-resistant states.,The Journal of endocrinology,2019 Jun 1,2019.0,"Leptin resistance refers to states in which leptin fails to promote its anticipated effects, frequently coexisting with hyperleptinaemia. Leptin resistance is closely associated with obesity and also observed in physiological situations such as pregnancy and in seasonal animals. Leptin resensitisation refers to the reversion of leptin-resistant states and is associated with improvement in endocrine and metabolic disturbances commonly observed in obesity and a sustained decrease of plasma leptin levels, possibly below a critical threshold level. In obesity, leptin resensitisation can be achieved with treatments that reduce body adiposity and leptinaemia, or with some pharmacological compounds, while physiological leptin resistance reverts spontaneously. The restoration of leptin sensitivity could be a useful strategy to treat obesity, maintain weight loss and/or reduce the recidivism rate for weight regain after dieting. This review provides an update and discussion about reversion of leptin-resistant states and modulation of the molecular mechanisms involved in each situation.","Adiposity; Animals; Blood Pressure; Body Weight; Diet; Eating; Energy Intake; Female; Fertility; Humans; Hyperglycemia/blood; Leptin/*blood; Male; Mice; Obesity/*blood; Phosphorylation; Photoperiod; Pregnancy; Pregnancy, Animal; *Signal Transduction; Thermogenesis; Weight Loss"
39125666,Metabolic Syndrome and Psoriasis: Pivotal Roles of Chronic Inflammation and Gut Microbiota.,International journal of molecular sciences,2024 Jul 25,2024.0,"In recent years, the incidence of metabolic syndrome (MS) has increased due to lifestyle-related factors in developed countries. MS represents a group of conditions that increase the risk of diabetes, cardiovascular diseases, and other severe health problems. Low-grade chronic inflammation is now considered one of the key aspects of MS and could be defined as a new cardiovascular risk factor. Indeed, an increase in visceral adipose tissue, typical of obesity, contributes to the development of an inflammatory state, which, in turn, induces the production of several proinflammatory cytokines responsible for insulin resistance. Psoriasis is a chronic relapsing inflammatory skin disease and is characterized by the increased release of pro-inflammatory cytokines, which can contribute to different pathological conditions within the spectrum of MS. A link between metabolic disorders and Psoriasis has emerged from evidence indicating that weight loss obtained through healthy diets and exercise was able to improve the clinical course and therapeutic response of Psoriasis in patients with obesity or overweight patients and even prevent its occurrence. A key factor in this balance is the gut microbiota; it is an extremely dynamic system, and this makes its manipulation through diet possible via probiotic, prebiotic, and symbiotic compounds. Given this, the gut microbiota represents an additional therapeutic target that can improve metabolism in different clinical conditions.",*Psoriasis/microbiology/metabolism/complications; Humans; *Metabolic Syndrome/microbiology/metabolism/complications; *Gastrointestinal Microbiome; *Inflammation/metabolism; Animals; Obesity/complications/microbiology/metabolism
33756469,The Role of Sleep Curtailment on Leptin Levels in Obesity and Diabetes Mellitus.,Obesity facts,2021,2021.0,"Emerging evidence has identified sleep as a significant, but modifiable, risk factor for metabolic syndrome, diabetes, and obesity. Leptin, an adipocyte-derived peptide and a regulator of food intake and energy expenditure, has been shown to be associated with a short sleep duration in the pathophysiology of obesity and consequently type 2 diabetes. This review focuses on the current evidence indicating the effects of a short sleep duration on the regulation of leptin concentration in association with obesity and diabetes mellitus. In summary, the evidence suggests that sleep deprivation, by affecting leptin regulation, may lead to obesity and consequently development of type 2 diabetes through increased appetite and food intake. However, findings on the role of leptin in diabetes due to sleep deprivation are contradictory, and further studies with larger sample sizes are needed to confirm previous findings.","*Diabetes Mellitus, Type 2/etiology; Humans; *Leptin; Obesity/etiology; Sleep; Sleep Deprivation/complications"
36769012,"Leptin Increases: Physiological Roles in the Control of Sympathetic Nerve Activity, Energy Balance, and the Hypothalamic-Pituitary-Thyroid Axis.",International journal of molecular sciences,2023 Jan 31,2023.0,"It is well established that decreases in plasma leptin levels, as with fasting, signal starvation and elicit appropriate physiological responses, such as increasing the drive to eat and decreasing energy expenditure. These responses are mediated largely by suppression of the actions of leptin in the hypothalamus, most notably on arcuate nucleus (ArcN) orexigenic neuropeptide Y neurons and anorexic pro-opiomelanocortin neurons. However, the question addressed in this review is whether the effects of increased leptin levels are also significant on the long-term control of energy balance, despite conventional wisdom to the contrary. We focus on leptin's actions (in both lean and obese individuals) to decrease food intake, increase sympathetic nerve activity, and support the hypothalamic-pituitary-thyroid axis, with particular attention to sex differences. We also elaborate on obesity-induced inflammation and its role in the altered actions of leptin during obesity.",Female; Humans; Male; Energy Metabolism; Hypothalamus/metabolism; *Leptin/metabolism; Obesity; *Thyroid Gland/metabolism; *Pituitary Gland/metabolism
34512549,LEAP-2: An Emerging Endogenous Ghrelin Receptor Antagonist in the Pathophysiology of Obesity.,Frontiers in endocrinology,2021,2021.0,"Liver-expressed antimicrobial peptide 2 (LEAP-2), originally described as an antimicrobial peptide, has recently been recognized as an endogenous blocker of growth hormone secretagogue receptor 1a (GHS-R1a). GHS-R1a, also known as ghrelin receptor, is a G protein-coupled receptor (GPCR) widely distributed on the hypothalamus and pituitary gland where it exerts its major functions of regulating appetite and growth hormone (GH) secretion. The activity of GHS-R1a is controlled by two counter-regulatory endogenous ligands: Ghrelin (activation) and LEAP-2 (inhibition). Ghrelin activates GHS-R1a on the neuropeptide Y/Agouti-related protein (NPY/AgRP) neurons at the arcuate nucleus (ARC) to promote appetite, and on the pituitary somatotrophs to stimulate GH release. On the flip side, LEAP-2, acts both as an endogenous competitive antagonist of ghrelin and an inverse agonist of constitutive GHS-R1a activity. Such a biological property of LEAP-2 vigorously blocks ghrelin's effects on food intake and hormonal secretion. In circulation, LEAP-2 displays an inverse pattern as to ghrelin; it increases with food intake and obesity (positive energy balance), whereas decreases upon fasting and weight loss (negative energy balance). Thus, the LEAP-2/ghrelin molar ratio fluctuates in response to energy status and modulation of this ratio conversely influences energy intake. Inhibiting ghrelin's activity has shown beneficial effects on obesity in preclinical experiments, which sheds light on LEAP-2's anti-obesity potential. In this review, we will analyze LEAP-2's effects from a metabolic point of view with a focus on metabolic hormones (e.g., ghrelin, GH, and insulin), and discuss LEAP-2's potential as a promising therapeutic target for obesity.","Antimicrobial Cationic Peptides/*pharmacology; Antimicrobial Peptides/*pharmacology; Blood Proteins/*pharmacology; *Energy Metabolism; Ghrelin/*antagonists & inhibitors; Humans; Obesity/*drug therapy/metabolism/pathology; Receptors, Ghrelin/*antagonists & inhibitors; *Weight Loss"
33058756,A MicroRNA Linking Human Positive Selection and Metabolic Disorders.,Cell,2020 Oct 29,2020.0,"Positive selection in Europeans at the 2q21.3 locus harboring the lactase gene has been attributed to selection for the ability of adults to digest milk to survive famine in ancient times. However, the 2q21.3 locus is also associated with obesity and type 2 diabetes in humans, raising the possibility that additional genetic elements in the locus may have contributed to evolutionary adaptation to famine by promoting energy storage, but which now confer susceptibility to metabolic diseases. We show here that the miR-128-1 microRNA, located at the center of the positively selected locus, represents a crucial metabolic regulator in mammals. Antisense targeting and genetic ablation of miR-128-1 in mouse metabolic disease models result in increased energy expenditure and amelioration of high-fat-diet-induced obesity and markedly improved glucose tolerance. A thrifty phenotype connected to miR-128-1-dependent energy storage may link ancient adaptation to famine and modern metabolic maladaptation associated with nutritional overabundance.","Adipocytes, Brown/pathology; Adiposity; Alleles; Animals; Cell Differentiation; Cell Line; Cells, Cultured; Diet, High-Fat; Energy Metabolism; Epigenesis, Genetic; Genetic Loci; Glucose/metabolism; Homeostasis; Humans; Hypertrophy; Insulin Resistance; Leptin/deficiency/metabolism; Male; Mammals/genetics; Metabolic Diseases/*genetics; Mice, Inbred C57BL; Mice, Obese; MicroRNAs/*genetics/metabolism; Obesity/genetics; Oligonucleotides/metabolism; Species Specificity"
31375442,Potential mechanisms of sleeve gastrectomy for reducing weight and improving metabolism in patients with obesity.,Surgery for obesity and related diseases : official journal of the American,2019 Oct,2019.0,"Obesity is a severe medical problem endangering the health of individuals worldwide. Sleeve gastrectomy (SG), one of the most commonly performed bariatric procedures, has been widely applied to the treatment of such patients. Currently, the potential mechanisms underlying the significant weight loss and metabolic improvement after SG have been well studied. First, and most importantly, by removing a large volume of stomach, the SG directly or indirectly restricts food intake. Then, there are alterations in the absorption and metabolism of both macro- and micronutrients, which may benefit or worsen the patients' well-being. Another profound change is enhanced secretion of the satiety gut hormone and reduced secretion of the hunger hormone as a consequence of the operation. Additionally, adjustment of gastrointestinal motility, alteration in the gut microbial community, and an inflammatory response were found after surgery. Therefore, the purpose of the present review was focused on such hypotheses and to compile the accumulated facts on the physiologic mechanism of bariatric surgery so that these results can help improve the understanding of how SG produces substantial weight loss and a significant improvement in the metabolism of patients with metabolic syndrome.",Animals; *Bariatric Surgery; Eating/physiology; *Gastrectomy; Gastrointestinal Microbiome/physiology; Gastrointestinal Motility; Ghrelin/metabolism; Humans; Leptin/metabolism; Mice; *Obesity/physiopathology/surgery; Rats; Signal Transduction/physiology; Weight Loss/*physiology
37116488,Inter-organ insulin-leptin signal crosstalk from the liver enhances survival during food shortages.,Cell reports,2023 May 30,2023.0,"Crosstalk among organs/tissues is important for regulating systemic metabolism. Here, we demonstrate inter-organ crosstalk between hepatic insulin and hypothalamic leptin actions, which maintains survival during food shortages. In inducible liver insulin receptor knockout mice, body weight is increased with hyperphagia and decreased energy expenditure, accompanied by increased circulating leptin receptor (LepR) and decreased hypothalamic leptin actions. Additional hepatic LepR deficiency reverses these metabolic phenotypes. Thus, decreased hepatic insulin action suppresses hypothalamic leptin action with increased liver-derived soluble LepR. Human hepatic and circulating LepR levels also correlate negatively with hepatic insulin action indices. In mice, food restriction decreases hepatic insulin action and energy expenditure with increased circulating LepR. Hepatic LepR deficiency increases mortality with enhanced energy expenditure during food restriction. The liver translates metabolic cues regarding energy-deficient status, which is reflected by decreased hepatic insulin action, into soluble LepR, thereby suppressing energy dissipation and assuring survival during food shortages.","Animals; Mice; Humans; *Leptin/metabolism; *Insulin/metabolism; Liver/metabolism; Body Weight; Hypothalamus/metabolism; Mice, Knockout; Receptors, Leptin/genetics/metabolism; Energy Metabolism/genetics"
34980115,Metabolic variables of obese dogs with insulin resistance supplemented with yeast beta-glucan.,BMC veterinary research,2022 Jan 3,2022.0,"BACKGROUND: Obesity is one of the most common nutritional disorders in dogs and cats and is related to the development metabolic comorbidities. Weight loss is the recommended treatment, but success is difficult due to the poor satiety control. Yeast beta-glucans are known as biological modifiers because of their innumerable functions reported in studies with mice and humans, but only one study with dogs was found. This study aimed to evaluate the effects of a diet supplemented with 0.1% beta-glucan on glucose, lipid homeostasis, inflammatory cytokines and satiety parameters in obese dogs. Fourteen dogs composed three experimental groups: Obese group (OG) with seven dogs with body condition score (BCS) 8 or 9; Lean group (LG) included seven non-obese dogs with a BCS of 5; and Supplemented Obese group (SOG) was the OG dogs after 90 days of consumption of the experimental diet. RESULTS: Compared to OG, SOG had lower plasma basal glycemic values (p = 0.05) and reduced serum cholesterol and triglyceride levels. TNF-alpha was lower in SOG than in OG (p = 0.05), and GLP-1 was increased in SOG compared to OG and LG (p = 0.02). CONCLUSION: These results are novel and important for recognizing the possibility of using beta-glucan in obesity prevention and treatment.",Animals; Diet/veterinary; *Dietary Supplements; *Dog Diseases/drug therapy/metabolism; Dogs; Insulin; *Insulin Resistance; *Obesity/metabolism/veterinary; Saccharomyces cerevisiae/chemistry; *beta-Glucans/administration & dosage
37547309,Recent progress on action and regulation of anorexigenic adipokine leptin.,Frontiers in endocrinology,2023,2023.0,"Organismal energy balance is controlled by inter-tissue communication mediated by the nervous system and hormones, the disruption of which causes metabolic syndrome exemplified by diabetes and obesity. Fat-storing adipose tissue, especially those located in subcutaneous white adipose tissue, secretes leptin in a proportion of fat mass, inhibiting the accumulation of organismal fat by suppressing appetite and promoting energy expenditure. With a prevalence of obesity that exhibits hyperleptinemia, most of the investigation on leptin has been focused on how it works and how it does not, which is expected to be a clue for treating obesity. In contrast, how it is synthesized, transported, and excreted, all of which are relevant to the homeostasis of blood leptin concentration, are not much understood. Of note, acute leptin reduction after hyperleptinemia in the context of obesity exhibited a beneficial effect on obesity and insulin sensitivity, indicating that manipulation of circulating leptin level may provide a therapeutic strategy. Technological advances such as ""omics"" analysis combined with sophisticated gene-engineered mice studies in the past decade enabled a deeper understanding of leptin's action in more detail. Here, we summarize the updated understanding of the action as well as regulation of leptin and point out the emerging direction of research on leptin.",Mice; Animals; *Leptin/metabolism; Adipokines/metabolism; Adipose Tissue/metabolism; Obesity/metabolism; *Diabetes Mellitus/metabolism
31572686,Targeting the Gut Microbiota to Treat Cachexia.,Frontiers in cellular and infection microbiology,2019,2019.0,"Cachexia occurs in many chronic diseases and is associated with increased morbidity and mortality. It is treated by nutritional support but often with limited effectiveness, leading to the search of other therapeutic strategies. The modulation of gut microbiota, whether through pro-, pre-, syn- or antibiotics or fecal transplantation, is attracting ever-growing interest in the field of obesity, but could also be an interesting and innovative alternative for treating cachexia. This article reviews the evidence linking the features of malnutrition, as defined by the Global Leadership Initiative on Malnutrition [low body mass index (BMI), unintentional body weight loss, low muscle mass, low appetite, and systemic inflammation] and the gut microbiota in human adults with cachexia-associated diseases, and shows the limitations of the present research in that field with suggestions for future directions.",Adult; Body Mass Index; Cachexia/*therapy; Fecal Microbiota Transplantation/methods; Gastrointestinal Microbiome/*physiology; Gastrointestinal Tract/*microbiology; Humans; Inflammation; Malnutrition; Metagenome; Obesity/therapy; Probiotics/therapeutic use; Weight Loss
36217837,Total sleep deprivation decreases saliva ghrelin levels in adolescents.,Journal of sleep research,2023 Apr,2023.0,"Ghrelin, a regulator of food intake and energy expenditure, has been shown to be associated with insufficient sleep. The goal of the present study was to investigate the effect of a single night of total sleep deprivation on fasting saliva ghrelin and on nocturnal variation of saliva ghrelin concentration. A further aim of the study was to investigate the influence of body mass index on changes in saliva ghrelin levels. Altogether 35 adolescents (18 boys; age: 13.8 +/- 1.14 years) were studied on two subsequent days (sleep and total sleep deprivation). Saliva samples were collected during the two experimental nights at 21:00 hours, 01:00 hours and 06:00 hours. Total-ghrelin concentration showed a continuous increase from the evening until 06:00 hours. This increase was blunted significantly (p = 0.003) by total sleep deprivation. Total-ghrelin level was significantly lower (p = 0.02) during total sleep deprivation at 06:00 hours (median 403.6 pg ml(-1) ; 95% confidence interval: 343.1-468.9 pg ml(-1) ) as compared with values during the sleep condition (median 471.2 pg ml(-1) ; 95% confidence interval: 205.4-1578.7 pg ml(-1) ). Acyl-ghrelin levels did not present any change at the three time points, and were not affected by total sleep deprivation. Stratifying the study population according to body mass index (normal weight and overweight/obese groups), the blunting effect of total sleep deprivation was more pronounced in the obese/overweight group (sleep: median 428.2 pg ml(-1) ; 95% confidence interval: 331.3-606.9 pg ml(-1) versus total sleep deprivation: median 333.1 pg ml(-1) ; 95% confidence interval: 261.5-412.9 pg ml(-1) ; p = 0.0479). Saliva total-ghrelin concentrations gradually increased during the night, and total sleep deprivation significantly blunted this increase. This blunting effect was mainly observed in subjects with overweight/obesity. The physiological and clinical implications of the present observation are to be clarified by further studies.",Male; Humans; Adolescent; Child; *Sleep Deprivation/complications; *Ghrelin; Overweight/complications; Saliva; Obesity/complications; Sleep/physiology
